<?xml version="1.0" encoding="UTF-8" standalone="yes"?>
<!--
    inert Batch Installer Manifest File
    
-->
<installer>
    <!--
        Addons is a required container for a list of addon username and addon_id pairs.
        Each container requires both pairs.
    -->
    <addons>
        <addon>
            <addon_id>plugin.video.rebirth</addon_id>
            <username>CypherMediaGIT</username>
        </addon>
        <addon>
            <addon_id>plugin.video.alive.hd</addon_id>
            <username>frenchdj</username>
        </addon>
        <addon>
            <addon_id>plugin.video.documented.hd</addon_id>
            <username>frenchdj</username>
        </addon>
        <addon>
            <addon_id>plugin.video.placenta</addon_id>
            <username>mrblamo420</username>
        </addon>
        <addon>
            <addon_id>plugin.video.blamo</addon_id>
            <username>mrblamo420</username>
        </addon>
        <addon>
            <addon_id>plugin.video.genesisreborn</addon_id>
            <username>CYBERxNUKE</username>
		</addons>
        <addon>
            <addon_id>plugin.video.neptune</addon_id>
            <username>CYBERxNUKE</username>
		</addon>
        <addon>
            <addon_id>plugin.video.livenettv</addon_id>
            <username>ttmediav1</username>
		</addon>
        <addon>
            <addon_id>plugin.video.MaverickTV</addon_id>
            <username>Maverick53</username>
		</addon>
        <addon>
            <addon_id>plugin.video.AtTheFlix</addon_id>
            <username>Maverick53</username>			
        </addon>
        <addon>
            <addon_id>plugin.video.animaltv</addon_id>
            <username>tvaddonsco</username>
		</addon>
        <addon>
            <addon_id>plugin.video.adultswim</addon_id>
            <username>tvaddonsco</username>	
        </addon>
    </addons>
    <!--
        Configs is an optional container for a list of config files and destinations.
        This is not limited to config files; could include images, databases, etc.
        *** Be careful, this it will overwrite destinations. ***
        Each file is copied overwriting the distination.
        ./configs/test.xml will overwrite special://profile/addon_data/plugin.video.animaltv/test.xml
    -->
    <configs dir="configs">
    </configs>
    <!--
        Settings is an optional container for a list of addon settings key and value pairs.
    -->
    <settings>
    </settings>
    <!--
        Optionally issue a series of built-in commands.
        *** Be careful, know what you are doing here! ***
    -->
    <builtins>
        <command>ReloadSkin()</command>
    </builtins>
    <!--
        Optionally issue a series of JSONRPC commands.
        *** Be very careful, know what you are doing here! ***
    -->
    <jsonrpc>
    </jsonrpc>
</installer>
