<?xml version="1.0" encoding="UTF-8" standalone="yes"?>
<!--
    inert Batch Installer Manifest File
    
-->
<installer>
    <!--
        Addons is a required container for a list of addon username and addon_id pairs.
        Each container requires both pairs.
    -->
    <addons>
        <addon>
            <addon_id>plugin.video.rebirth</addon_id>
            <username>CypherMediaGIT</username>
        </addon>
        <addon>
            <addon_id>plugin.video.alive.hd</addon_id>
            <username>frenchdj</username>
        </addon>
        <addon>
            <addon_id>plugin.video.documented.hd</addon_id>
            <username>frenchdj</username>
        </addon>
        <addon>
            <addon_id>plugin.video.placenta</addon_id>
            <username>mrblamo420</username>
        </addon>
        <addon>
            <addon_id>plugin.video.skynet</addon_id>
            <username>Maverick53</username>
        </addon>
        <addon>
            <addon_id>plugin.video.MaverickTV</addon_id>
            <username>duncanh52</username>
        </addon>
        <addon>
            <addon_id>plugin.video.copyandpaste</addon_id>
            <username>duncanh52</username>
		</addon>
        <addon>
            <addon_id>plugin.video.deceit</addon_id>
            <username>duncanh52</username>
        </addon>
        <addon>
            <addon_id>plugin.video.genesisreborn</addon_id>
            <username>CYBERxNUKE</username>
        </addon>
        <addon>
            <addon_id>plugin.video.tvtap</addon_id>
            <username>ttmediav1</username>
        </addon>
        <addon>
            <addon_id>plugin.video.incursion</addon_id>
            <username>nixgates</username>
        </addon>
        <addon>
            <addon_id>plugin.video.nemesis</addon_id>
            <username>Nemesis668</username>
		</addon>
        <addon>
            <addon_id>plugin.video.mobdro</addon_id>
            <username>ttmediav1</username>
		</addon>
        <addon>
            <addon_id>plugin.video.cyphertv</addon_id>
            <username>CypherMediaGIT</username>
		<addons>
        <addon>
            <addon_id>plugin.video.adultswim</addon_id>
            <username>tvaddonsco</username>
        </addon>
        <addon>
            <addon_id>plugin.video.animaltv</addon_id>
            <username>tvaddonsco</username>
        </addon>
    </addons>
    <!--
        Configs is an optional container for a list of config files and destinations.
        This is not limited to config files; could include images, databases, etc.
        *** Be careful, this it will overwrite destinations. ***
        Each file is copied overwriting the distination.
        ./configs/test.xml will overwrite special://profile/addon_data/plugin.video.animaltv/test.xml
    -->
    <configs dir="configs">
     <config>
            <source>test.config</source>
            <destination>special://profile/addon_data/plugin.video.animaltv/</source>
        </config>
    </configs>
    <!--
        Settings is an optional container for a list of addon settings key and value pairs.
    -->
    <settings>
        <setting addon_id="plugin.video.animaltv">
            <key>test.setting</key>
            <value>test.value</value>
        </setting>
    </settings>
    <!--
        Optionally issue a series of built-in commands.
        *** Be careful, know what you are doing here! ***
    -->
    <builtins>
        <command>ReloadSkin()</command>
    </builtins>
    <!--
        Optionally issue a series of JSONRPC commands.
        *** Be very careful, know what you are doing here! ***
    -->
    <jsonrpc>
        <command>
            <method>Settings.SetSettingValue</method>
            <params>{"setting":"setting_name","value": 1}</params>
            <id>1</id>
        </command>
    </jsonrpc>
</installer>
